{
    "da3": "856494fecc7c6590042275a1369cbbb51800f265",
    "dm1": "9a621d729566",
    "dka3": "2i/Zsb08BqtUGVMg4/mXODvOcVG4UF6XaRLrHuQv4BpXMQD6GOCWcYH1nZjMmEel",
    "db1": "wX0i8VQWbAiYXHnElo0f3FoxRoWYhM6HZzFv0oORf3I=",
    "wifiKey": "cd4387c4ab8a442d7068eebe29930bda2fe1283b64e12420b4eb9edaf31d9c5e",
    "androidId": 4280689285262608400,
    "securityToken": 9059697831235833000,
    "token": "APA91bGIUSoaxnr5ZP-SqTIA2IdHmg4dq_3wTUqU7W7ZRSyBrAGwhvhNP_5w4q0cVOMgOWF3J2k45mGQ039QD02rjtV_lJEfbbaxCXw_pCDU6Y3dUioxRifz0AOaWeE5U8Iex3U3liSLm39QPBOp6sQukqwH4lEXSA",
    "configModifyDateTime": "20230312214147997",
    "labelModifyDateTime": "20230309135607653",
    "menuModifyDateTime": "20230306203653123",
    "messageModifyDateTime": "20230306204929463"
}