{
    "da3": "856494fecc7c6590042275a1369cbbb51800f265",
    "dm1": "9a621d729566",
    "dka3": "2i/Zsb08BqtUGVMg4/mXODvOcVG4UF6XaRLrHuQv4BpXMQD6GOCWcYH1nZjMmEel",
    "db1": "Ch7exuPXjnbXhtieqNBnBmx5kKofVg8hOkCMwndEGnw=",
    "wifiKey": "cd4387c4ab8a442d7068eebe29930bda2fe1283b64e12420b4eb9edaf31d9c5e",
    "androidId": 4280689285262608243,
    "securityToken": 9059697831235832424,
    "token": "APA91bGIUSoaxnr5ZP-SqTIA2IdHmg4dq_3wTUqU7W7ZRSyBrAGwhvhNP_5w4q0cVOMgOWF3J2k45mGQ039QD02rjtV_lJEfbbaxCXw_pCDU6Y3dUioxRifz0AOaWeE5U8Iex3U3liSLm39QPBOp6sQukqwH4lEXSA"
}